Filename	DirectLink	FileLink
B21420718	https://drive.google.com/uc?id=1-mkFD48_6m3jvNAsqbTw1BPjmRTE-WFU&export=download	https://drive.google.com/file/d/1-mkFD48_6m3jvNAsqbTw1BPjmRTE-WFU/edit
B21420694	https://drive.google.com/uc?id=1eq7Qm5gM1Pj2qeXQRxhXtXLPfjU7qH4T&export=download	https://drive.google.com/file/d/1eq7Qm5gM1Pj2qeXQRxhXtXLPfjU7qH4T/edit
B21420691	https://drive.google.com/uc?id=1MBv33aQ5hy5xodc0H4pbSBSns1gRlAVC&export=download	https://drive.google.com/file/d/1MBv33aQ5hy5xodc0H4pbSBSns1gRlAVC/edit
B21420664	https://drive.google.com/uc?id=1qOTTwzfohclAv02MrsbcjtRGEE2L5zU-&export=download	https://drive.google.com/file/d/1qOTTwzfohclAv02MrsbcjtRGEE2L5zU-/edit
B21420659	https://drive.google.com/uc?id=1V_cTDH0E8g2NnuvvwrmL2-JOVJy3RptL&export=download	https://drive.google.com/file/d/1V_cTDH0E8g2NnuvvwrmL2-JOVJy3RptL/edit
B21420653	https://drive.google.com/uc?id=1-f_yAlcj5wseSQGI1BFwm7iEgYmwIpDB&export=download	https://drive.google.com/file/d/1-f_yAlcj5wseSQGI1BFwm7iEgYmwIpDB/edit
B21420635	https://drive.google.com/uc?id=1ENA01Cpb9gMiZmlkKwWNKR86HSmcI16X&export=download	https://drive.google.com/file/d/1ENA01Cpb9gMiZmlkKwWNKR86HSmcI16X/edit
B21420622	https://drive.google.com/uc?id=1M_651tV6qJjGcyezokYHXatnYhLZHe4z&export=download	https://drive.google.com/file/d/1M_651tV6qJjGcyezokYHXatnYhLZHe4z/edit
B21420591	https://drive.google.com/uc?id=1O8Xwe6JsXFhEBUL9K1UZgjNJw5nKj-mx&export=download	https://drive.google.com/file/d/1O8Xwe6JsXFhEBUL9K1UZgjNJw5nKj-mx/edit
B21420588	https://drive.google.com/uc?id=1TnEQjVzAgf2zFr_CVMcR6i-0RmIwwYxO&export=download	https://drive.google.com/file/d/1TnEQjVzAgf2zFr_CVMcR6i-0RmIwwYxO/edit
B21420579	https://drive.google.com/uc?id=1frvnHqq71vCZkMYSfCEw1bi6ShjIJQwu&export=download	https://drive.google.com/file/d/1frvnHqq71vCZkMYSfCEw1bi6ShjIJQwu/edit
B21420562	https://drive.google.com/uc?id=15YdIBW_VsEVQH6eLWPzzQQ57R-Fbeu8L&export=download	https://drive.google.com/file/d/15YdIBW_VsEVQH6eLWPzzQQ57R-Fbeu8L/edit
B21420540	https://drive.google.com/uc?id=1ATvdlQmmNgWG37Lxpcwv4WGINJ6Kx3jr&export=download	https://drive.google.com/file/d/1ATvdlQmmNgWG37Lxpcwv4WGINJ6Kx3jr/edit
B21420512	https://drive.google.com/uc?id=1cYn4siuN_2-1Pep5PzdkL6XACgP0NKbz&export=download	https://drive.google.com/file/d/1cYn4siuN_2-1Pep5PzdkL6XACgP0NKbz/edit
B21420509	https://drive.google.com/uc?id=1Cg76PFGrlfCIgWd4fIDg79lXimV6IAhF&export=download	https://drive.google.com/file/d/1Cg76PFGrlfCIgWd4fIDg79lXimV6IAhF/edit
B21420488	https://drive.google.com/uc?id=1wv-Ejk0Fs-2IFhg3d73HOJfsZiyct_go&export=download	https://drive.google.com/file/d/1wv-Ejk0Fs-2IFhg3d73HOJfsZiyct_go/edit
B21420486	https://drive.google.com/uc?id=115n0b8UOanML4Ef5pBJfcYptqfB2dEnQ&export=download	https://drive.google.com/file/d/115n0b8UOanML4Ef5pBJfcYptqfB2dEnQ/edit
B21420481	https://drive.google.com/uc?id=17Y4YtD9jb7TBQKks7saHmaWYm0nSDci2&export=download	https://drive.google.com/file/d/17Y4YtD9jb7TBQKks7saHmaWYm0nSDci2/edit
B21420478	https://drive.google.com/uc?id=1KM2dJ05ishTm4IemdkCPXGfUmek_kXMf&export=download	https://drive.google.com/file/d/1KM2dJ05ishTm4IemdkCPXGfUmek_kXMf/edit
B21420471	https://drive.google.com/uc?id=1YZMIAdbCBQHO2QfI_6g_5Dq76oCmeiwT&export=download	https://drive.google.com/file/d/1YZMIAdbCBQHO2QfI_6g_5Dq76oCmeiwT/edit
B21420465	https://drive.google.com/uc?id=1GVKAvPzaSFGVXss5ArnSy4FmX85JNc_2&export=download	https://drive.google.com/file/d/1GVKAvPzaSFGVXss5ArnSy4FmX85JNc_2/edit
B21420463	https://drive.google.com/uc?id=1OjjOB-ZgdMcpEllZZVHy5PPqwtKHNlCo&export=download	https://drive.google.com/file/d/1OjjOB-ZgdMcpEllZZVHy5PPqwtKHNlCo/edit
B21420444	https://drive.google.com/uc?id=1vGD2LcZRDQ2ymaTuUt_1gWf16RphyJQs&export=download	https://drive.google.com/file/d/1vGD2LcZRDQ2ymaTuUt_1gWf16RphyJQs/edit
B21420441	https://drive.google.com/uc?id=1FHVj0MpfWuLSwnTjTQBt2KhZcCFSXG7Y&export=download	https://drive.google.com/file/d/1FHVj0MpfWuLSwnTjTQBt2KhZcCFSXG7Y/edit
B21420438	https://drive.google.com/uc?id=16XFxpfWrouv_m4jlm6akFO4t-VM2wlIz&export=download	https://drive.google.com/file/d/16XFxpfWrouv_m4jlm6akFO4t-VM2wlIz/edit
B21420413	https://drive.google.com/uc?id=1YS1eIXSlr0hVAAi9S8lDcVU1DxpdBxj_&export=download	https://drive.google.com/file/d/1YS1eIXSlr0hVAAi9S8lDcVU1DxpdBxj_/edit
B21420399	https://drive.google.com/uc?id=1OUZt5wfEep0x6sw80CCKyzXpaZy4Ahsx&export=download	https://drive.google.com/file/d/1OUZt5wfEep0x6sw80CCKyzXpaZy4Ahsx/edit
B21420390	https://drive.google.com/uc?id=1ztuz2YEU6Pm-Gaa4IWiYwth96cjhwZdX&export=download	https://drive.google.com/file/d/1ztuz2YEU6Pm-Gaa4IWiYwth96cjhwZdX/edit
B21420374	https://drive.google.com/uc?id=1bCthafhEpuO47-JRk58pNfQPxRmhTGW0&export=download	https://drive.google.com/file/d/1bCthafhEpuO47-JRk58pNfQPxRmhTGW0/edit
B21420369	https://drive.google.com/uc?id=1nBCtj51d-hgsD5zOYy5erEfED1PNyIQ0&export=download	https://drive.google.com/file/d/1nBCtj51d-hgsD5zOYy5erEfED1PNyIQ0/edit
B21420311	https://drive.google.com/uc?id=1tyjaJPgXdl16oqSx2T9djcDAhsTKSxs-&export=download	https://drive.google.com/file/d/1tyjaJPgXdl16oqSx2T9djcDAhsTKSxs-/edit
B21420302	https://drive.google.com/uc?id=1pXNlV6IW48z08dSzNR1adZtTZ41-R34A&export=download	https://drive.google.com/file/d/1pXNlV6IW48z08dSzNR1adZtTZ41-R34A/edit
B21420269	https://drive.google.com/uc?id=1f8S8OLEXkk5X4H__WwWSZant8swMkm9d&export=download	https://drive.google.com/file/d/1f8S8OLEXkk5X4H__WwWSZant8swMkm9d/edit
B21420260	https://drive.google.com/uc?id=17gJGJYcs66rz0RaBM1jWuvJlTNWVbKJB&export=download	https://drive.google.com/file/d/17gJGJYcs66rz0RaBM1jWuvJlTNWVbKJB/edit
B21420245	https://drive.google.com/uc?id=1W8RF_jq8vm44wqTm8x7c8NFZyYoawYMZ&export=download	https://drive.google.com/file/d/1W8RF_jq8vm44wqTm8x7c8NFZyYoawYMZ/edit
B21420239	https://drive.google.com/uc?id=1H6RrbCVy_7R1mS6bMmNbeA3AV4mZVWpx&export=download	https://drive.google.com/file/d/1H6RrbCVy_7R1mS6bMmNbeA3AV4mZVWpx/edit
B21420234	https://drive.google.com/uc?id=199uKcSMp0EY7GnkB0WvMnq0J6lKcQ8wp&export=download	https://drive.google.com/file/d/199uKcSMp0EY7GnkB0WvMnq0J6lKcQ8wp/edit
B21420219	https://drive.google.com/uc?id=1JZGwdsEbBMBpCTjjsLUmYSmncPgIIZCi&export=download	https://drive.google.com/file/d/1JZGwdsEbBMBpCTjjsLUmYSmncPgIIZCi/edit
B21420192	https://drive.google.com/uc?id=11w86Qa5738RtEpQUgOeus0zBh1J_lsLI&export=download	https://drive.google.com/file/d/11w86Qa5738RtEpQUgOeus0zBh1J_lsLI/edit
B21420191	https://drive.google.com/uc?id=1qQEp_hvk8Ykvp68Cf0gi9V-0_gf-9t5g&export=download	https://drive.google.com/file/d/1qQEp_hvk8Ykvp68Cf0gi9V-0_gf-9t5g/edit
B21420156	https://drive.google.com/uc?id=1qfrnS9MbLsMuIStSds9zxSE9hnSc7SIb&export=download	https://drive.google.com/file/d/1qfrnS9MbLsMuIStSds9zxSE9hnSc7SIb/edit
B21420151	https://drive.google.com/uc?id=1aQJRD6qwEIRYnwmkWoPgQud9Dy7-UmfB&export=download	https://drive.google.com/file/d/1aQJRD6qwEIRYnwmkWoPgQud9Dy7-UmfB/edit
B21420146	https://drive.google.com/uc?id=1z5Aoq04JGbFn9euylajX5K6PusLHAwrp&export=download	https://drive.google.com/file/d/1z5Aoq04JGbFn9euylajX5K6PusLHAwrp/edit
B21420137	https://drive.google.com/uc?id=1HD52QvG-EPxNyrLsKGPnKzTNss0QY7GG&export=download	https://drive.google.com/file/d/1HD52QvG-EPxNyrLsKGPnKzTNss0QY7GG/edit
B21420114 	https://drive.google.com/uc?id=13Fx-j0ETQBeiZjBTzRieShcuVkJ1axAU&export=download	https://drive.google.com/file/d/13Fx-j0ETQBeiZjBTzRieShcuVkJ1axAU/edit
B21420112	https://drive.google.com/uc?id=1HznfxNTeiyMi8jTwTkW_pLgLSH7VtUv7&export=download	https://drive.google.com/file/d/1HznfxNTeiyMi8jTwTkW_pLgLSH7VtUv7/edit
B21420106	https://drive.google.com/uc?id=1umxlzishba9OZOsqibkJhZgX86S4iG6r&export=download	https://drive.google.com/file/d/1umxlzishba9OZOsqibkJhZgX86S4iG6r/edit
B21420081	https://drive.google.com/uc?id=1v14O2qwkt10ZTKtFSWqEuI2lGsm0jzmm&export=download	https://drive.google.com/file/d/1v14O2qwkt10ZTKtFSWqEuI2lGsm0jzmm/edit
B21420045	https://drive.google.com/uc?id=1OJ0MClgtJef4qGkHBSf8bi150V1fhlJg&export=download	https://drive.google.com/file/d/1OJ0MClgtJef4qGkHBSf8bi150V1fhlJg/edit
B21420043	https://drive.google.com/uc?id=14H9pDC_zvIxWEVdlOY0_ercxKWf1yH78&export=download	https://drive.google.com/file/d/14H9pDC_zvIxWEVdlOY0_ercxKWf1yH78/edit
B21420019	https://drive.google.com/uc?id=1BidPHs4lwITkPF_4FZlZNIKrybsnPkTE&export=download	https://drive.google.com/file/d/1BidPHs4lwITkPF_4FZlZNIKrybsnPkTE/edit
B21420012	https://drive.google.com/uc?id=1OremOT9mHt8EnFEu2rrO_Dc-BBSmg5zJ&export=download	https://drive.google.com/file/d/1OremOT9mHt8EnFEu2rrO_Dc-BBSmg5zJ/edit
B21240399	https://drive.google.com/uc?id=1c1JY1m0Ujv4UZ5Jb9Y5ILjWSLnr43Q18&export=download	https://drive.google.com/file/d/1c1JY1m0Ujv4UZ5Jb9Y5ILjWSLnr43Q18/edit
B20420096	https://drive.google.com/uc?id=1EktYXAbeBzGdl8aALag7bVmijWdacrFE&export=download	https://drive.google.com/file/d/1EktYXAbeBzGdl8aALag7bVmijWdacrFE/edit
B20243569	https://drive.google.com/uc?id=1imSuHC7Q2td6mxamI0boB2SjK_dI3xZR&export=download	https://drive.google.com/file/d/1imSuHC7Q2td6mxamI0boB2SjK_dI3xZR/edit
B12420631	https://drive.google.com/uc?id=1r2mf870HPtBJZinKaBHXJ5GBgtA0wYWA&export=download	https://drive.google.com/file/d/1r2mf870HPtBJZinKaBHXJ5GBgtA0wYWA/edit
A55553477	https://drive.google.com/uc?id=1N7Fgxbengrr3awgv3tcmFgNjxLLMOPAm&export=download	https://drive.google.com/file/d/1N7Fgxbengrr3awgv3tcmFgNjxLLMOPAm/edit
A20429805	https://drive.google.com/uc?id=1MvdY1CVO1uu0qJUn0lfMaV3l34ICUpmb&export=download	https://drive.google.com/file/d/1MvdY1CVO1uu0qJUn0lfMaV3l34ICUpmb/edit
A20420729 	https://drive.google.com/uc?id=1QQa1OgZJUDDIS1Y6tkOoopG2PMEeSfjZ&export=download	https://drive.google.com/file/d/1QQa1OgZJUDDIS1Y6tkOoopG2PMEeSfjZ/edit
A20420723	https://drive.google.com/uc?id=1-0qEEXs1zZXdd_o7ErNecQzdlN61yvnN&export=download	https://drive.google.com/file/d/1-0qEEXs1zZXdd_o7ErNecQzdlN61yvnN/edit
A20420718	https://drive.google.com/uc?id=1Uo2JOeeYq7KfdhajDE7bISVTTe4TbUfn&export=download	https://drive.google.com/file/d/1Uo2JOeeYq7KfdhajDE7bISVTTe4TbUfn/edit
A20420712	https://drive.google.com/uc?id=1FtR2oFcLHEEohlOqLzM2hKNNq8LZqXrF&export=download	https://drive.google.com/file/d/1FtR2oFcLHEEohlOqLzM2hKNNq8LZqXrF/edit
A20420702	https://drive.google.com/uc?id=1ELwIlMGDBau2dTqYDzMTtDveuVAiiS6v&export=download	https://drive.google.com/file/d/1ELwIlMGDBau2dTqYDzMTtDveuVAiiS6v/edit
A20420701	https://drive.google.com/uc?id=1-RsmjT2ZxnWiXfX2dgwRQkve47oyqfu9&export=download	https://drive.google.com/file/d/1-RsmjT2ZxnWiXfX2dgwRQkve47oyqfu9/edit
A20420696	https://drive.google.com/uc?id=1yi7F0vRANABEhVHbxKFDw4DmijiZtlMw&export=download	https://drive.google.com/file/d/1yi7F0vRANABEhVHbxKFDw4DmijiZtlMw/edit
A20420693	https://drive.google.com/uc?id=1MQj2-_k0DIluraH_cPNGt3Qvtc0tfIgr&export=download	https://drive.google.com/file/d/1MQj2-_k0DIluraH_cPNGt3Qvtc0tfIgr/edit
A20420689	https://drive.google.com/uc?id=1o6JqaF6kUXcPbMDN3lpY9dxmvowauRqF&export=download	https://drive.google.com/file/d/1o6JqaF6kUXcPbMDN3lpY9dxmvowauRqF/edit
A20420687	https://drive.google.com/uc?id=1veJH9WhbVFUMp-0q5lbS-qeu74ZYNCxE&export=download	https://drive.google.com/file/d/1veJH9WhbVFUMp-0q5lbS-qeu74ZYNCxE/edit
A20420688	https://drive.google.com/uc?id=1XLtBjsoWKxJAZZj2U1Y9qtDn_sLqJ3p7&export=download	https://drive.google.com/file/d/1XLtBjsoWKxJAZZj2U1Y9qtDn_sLqJ3p7/edit
A20420683	https://drive.google.com/uc?id=1dhGbihx2R1cjnvpghf_qDj2Pkt9F4pUI&export=download	https://drive.google.com/file/d/1dhGbihx2R1cjnvpghf_qDj2Pkt9F4pUI/edit
A20420658	https://drive.google.com/uc?id=1mUZ46Td3FpFK9oCBj_Y8UmN468FA3wW3&export=download	https://drive.google.com/file/d/1mUZ46Td3FpFK9oCBj_Y8UmN468FA3wW3/edit
A20420657	https://drive.google.com/uc?id=15ptKAzc9oau_D9QcXSHZiopvrju9QcA_&export=download	https://drive.google.com/file/d/15ptKAzc9oau_D9QcXSHZiopvrju9QcA_/edit
A20420643	https://drive.google.com/uc?id=1IsA8ZOcDncUfWoa58ugDULrYghkBq4vu&export=download	https://drive.google.com/file/d/1IsA8ZOcDncUfWoa58ugDULrYghkBq4vu/edit
A20420639	https://drive.google.com/uc?id=1nDRX6b43gecPk6m0xS29SWcyG7GuEZlM&export=download	https://drive.google.com/file/d/1nDRX6b43gecPk6m0xS29SWcyG7GuEZlM/edit
A20420627	https://drive.google.com/uc?id=10lRLdwEC2eDAejqvHW7B7rST74afvIVr&export=download	https://drive.google.com/file/d/10lRLdwEC2eDAejqvHW7B7rST74afvIVr/edit
A20420622	https://drive.google.com/uc?id=1uTq9cPyWupGhmuN0VnfuzlxvKzTBe6Bd&export=download	https://drive.google.com/file/d/1uTq9cPyWupGhmuN0VnfuzlxvKzTBe6Bd/edit
A20420621	https://drive.google.com/uc?id=1QSshgBFlQeYlJgrA1QU2LRBUIroXg1uV&export=download	https://drive.google.com/file/d/1QSshgBFlQeYlJgrA1QU2LRBUIroXg1uV/edit
A20420617	https://drive.google.com/uc?id=1rYnXdbfbctC7CwAipEe9fXrHK3t1zUIz&export=download	https://drive.google.com/file/d/1rYnXdbfbctC7CwAipEe9fXrHK3t1zUIz/edit
A20420616	https://drive.google.com/uc?id=12AtAWD1ZRoYxk74yhcvTSy5Oy0blsnM5&export=download	https://drive.google.com/file/d/12AtAWD1ZRoYxk74yhcvTSy5Oy0blsnM5/edit
A20420604	https://drive.google.com/uc?id=1JVmAPd89J0UFBb9J0CaP1pMfwDFwEWUf&export=download	https://drive.google.com/file/d/1JVmAPd89J0UFBb9J0CaP1pMfwDFwEWUf/edit
A20620813	https://drive.google.com/uc?id=1VRa4hSUe0ycJk0tYTL6JVIzQ5Vbmr345&export=download	https://drive.google.com/file/d/1VRa4hSUe0ycJk0tYTL6JVIzQ5Vbmr345/edit
A20420597	https://drive.google.com/uc?id=1XcQlyXdMd9yId79h6heNQOVRNvdWG9pl&export=download	https://drive.google.com/file/d/1XcQlyXdMd9yId79h6heNQOVRNvdWG9pl/edit
A20420595	https://drive.google.com/uc?id=1OipaZtSXOGGpNTE7FjarikDstv_1YXZi&export=download	https://drive.google.com/file/d/1OipaZtSXOGGpNTE7FjarikDstv_1YXZi/edit
A20420586	https://drive.google.com/uc?id=1sz-Ql3AEGnGsXcj-0fcy9gK4DTr0arRM&export=download	https://drive.google.com/file/d/1sz-Ql3AEGnGsXcj-0fcy9gK4DTr0arRM/edit
A20420594	https://drive.google.com/uc?id=1PYSCbiPEL6c-KFoFLSY88YzWoLLu6_BG&export=download	https://drive.google.com/file/d/1PYSCbiPEL6c-KFoFLSY88YzWoLLu6_BG/edit
A20420583	https://drive.google.com/uc?id=1M9A0BlBcJe9M5l3DLr4sf9W1jTm2DVde&export=download	https://drive.google.com/file/d/1M9A0BlBcJe9M5l3DLr4sf9W1jTm2DVde/edit
A20420582	https://drive.google.com/uc?id=1ugIg5vXu8EILzDHtZJdTUPTdW3TK9_nB&export=download	https://drive.google.com/file/d/1ugIg5vXu8EILzDHtZJdTUPTdW3TK9_nB/edit
A20420563	https://drive.google.com/uc?id=1LIJk4qfgFy8jBR7XUKY0VEQ33oalPRR_&export=download	https://drive.google.com/file/d/1LIJk4qfgFy8jBR7XUKY0VEQ33oalPRR_/edit
A20420561	https://drive.google.com/uc?id=1Onh8nsn-fGWbs0jqmEFalCVF5EC2kwlu&export=download	https://drive.google.com/file/d/1Onh8nsn-fGWbs0jqmEFalCVF5EC2kwlu/edit
A20420559	https://drive.google.com/uc?id=1MtrW19kbkmyawCHegPXZnioHJ09MdxME&export=download	https://drive.google.com/file/d/1MtrW19kbkmyawCHegPXZnioHJ09MdxME/edit
A20420548	https://drive.google.com/uc?id=1VkdR33RF9fZP1IeVJVGQk_8-OktR6K0k&export=download	https://drive.google.com/file/d/1VkdR33RF9fZP1IeVJVGQk_8-OktR6K0k/edit
A20420543	https://drive.google.com/uc?id=14Ki2GAJ7IVVweYZBzMjc9oryEXLcpfIG&export=download	https://drive.google.com/file/d/14Ki2GAJ7IVVweYZBzMjc9oryEXLcpfIG/edit
A20420542	https://drive.google.com/uc?id=1iNIvqHqdPWrS5H6JGbNCUIKf6AODLsdq&export=download	https://drive.google.com/file/d/1iNIvqHqdPWrS5H6JGbNCUIKf6AODLsdq/edit
A20420528	https://drive.google.com/uc?id=1cc226OxuQlGi8LHdoqelg1g_Th4eU3WP&export=download	https://drive.google.com/file/d/1cc226OxuQlGi8LHdoqelg1g_Th4eU3WP/edit
A20420497	https://drive.google.com/uc?id=1mY7g2We9BnBVC9argHOnih9jCbTVHpGN&export=download	https://drive.google.com/file/d/1mY7g2We9BnBVC9argHOnih9jCbTVHpGN/edit
A20420505	https://drive.google.com/uc?id=19VSO7tqE5kFM0XX-KkFXAi7_Yjvwhr-W&export=download	https://drive.google.com/file/d/19VSO7tqE5kFM0XX-KkFXAi7_Yjvwhr-W/edit
A20420496	https://drive.google.com/uc?id=1u8ioN4-K1i74ScSuCp5ldldcIpIPJFQo&export=download	https://drive.google.com/file/d/1u8ioN4-K1i74ScSuCp5ldldcIpIPJFQo/edit
A20420493	https://drive.google.com/uc?id=1cIFfHlTAJbsYiAuJjrdA7TUCeIAS0pDy&export=download	https://drive.google.com/file/d/1cIFfHlTAJbsYiAuJjrdA7TUCeIAS0pDy/edit
A20420489	https://drive.google.com/uc?id=1WDBLhYLOUvar8Xu2zGwUmAoA2M2QA0ou&export=download	https://drive.google.com/file/d/1WDBLhYLOUvar8Xu2zGwUmAoA2M2QA0ou/edit
A20420490	https://drive.google.com/uc?id=1IWGbbSejg280aAvcKmh_dpkPqiNoWgqY&export=download	https://drive.google.com/file/d/1IWGbbSejg280aAvcKmh_dpkPqiNoWgqY/edit
A20420485 	https://drive.google.com/uc?id=12HTmTcfP796AAfHkAdRimXTQmnru-qSZ&export=download	https://drive.google.com/file/d/12HTmTcfP796AAfHkAdRimXTQmnru-qSZ/edit
A20420480	https://drive.google.com/uc?id=1TNbQFL6H-012O5FGTPa3nAYqPq9jJ9HM&export=download	https://drive.google.com/file/d/1TNbQFL6H-012O5FGTPa3nAYqPq9jJ9HM/edit
A20420467	https://drive.google.com/uc?id=12_ajVOM6zrrPXwUEf5LzM5gBIXVvm-9Y&export=download	https://drive.google.com/file/d/12_ajVOM6zrrPXwUEf5LzM5gBIXVvm-9Y/edit
A20420468	https://drive.google.com/uc?id=10up8gO65NnKt5wL0piD8zllsfSopuQg_&export=download	https://drive.google.com/file/d/10up8gO65NnKt5wL0piD8zllsfSopuQg_/edit
A20420466	https://drive.google.com/uc?id=1U_ZAm3m9JfwMpJIN43Qx_GhQP8fh5EVB&export=download	https://drive.google.com/file/d/1U_ZAm3m9JfwMpJIN43Qx_GhQP8fh5EVB/edit
A20420454	https://drive.google.com/uc?id=1WWFyh2Qp5pa5kTdXkbx7dIL9zjSpk_-C&export=download	https://drive.google.com/file/d/1WWFyh2Qp5pa5kTdXkbx7dIL9zjSpk_-C/edit
A20420453 	https://drive.google.com/uc?id=1i77ctrBmC6rKiApEhuNRvwgl-lMX2EDQ&export=download	https://drive.google.com/file/d/1i77ctrBmC6rKiApEhuNRvwgl-lMX2EDQ/edit
A20420448	https://drive.google.com/uc?id=1X1q2qQvV2XSxg7zHOHZOkKPgQg18D--Y&export=download	https://drive.google.com/file/d/1X1q2qQvV2XSxg7zHOHZOkKPgQg18D--Y/edit
A20420438	https://drive.google.com/uc?id=1G7AZs4oRe-oW6PTVUK8U9n5_VH4BS8nY&export=download	https://drive.google.com/file/d/1G7AZs4oRe-oW6PTVUK8U9n5_VH4BS8nY/edit
A20420426	https://drive.google.com/uc?id=19PMJdi9La95HPnodBXwAHi48K6zFsnqZ&export=download	https://drive.google.com/file/d/19PMJdi9La95HPnodBXwAHi48K6zFsnqZ/edit
A20420433	https://drive.google.com/uc?id=1hBHHvlRTyVjomc7AMEh0PQ1TcPbcOmmo&export=download	https://drive.google.com/file/d/1hBHHvlRTyVjomc7AMEh0PQ1TcPbcOmmo/edit
A20420424	https://drive.google.com/uc?id=17eS3x0soeEZ0Xhn2e5-KXFWMpYIy0hki&export=download	https://drive.google.com/file/d/17eS3x0soeEZ0Xhn2e5-KXFWMpYIy0hki/edit
A20420421	https://drive.google.com/uc?id=1ryncfo-M3WenNdgXzo-qEVXuXTzQfKPk&export=download	https://drive.google.com/file/d/1ryncfo-M3WenNdgXzo-qEVXuXTzQfKPk/edit
A20420416	https://drive.google.com/uc?id=1j6pvi16EMMJM_oIehak-srJp7IbXjL6i&export=download	https://drive.google.com/file/d/1j6pvi16EMMJM_oIehak-srJp7IbXjL6i/edit
A20420410	https://drive.google.com/uc?id=1hUdXW9skomObIIfGTDb-Dt0yYletY-me&export=download	https://drive.google.com/file/d/1hUdXW9skomObIIfGTDb-Dt0yYletY-me/edit
A20420405	https://drive.google.com/uc?id=1jXe-EppIOV1-MTTEaiQw33NX4DJlG-Dk&export=download	https://drive.google.com/file/d/1jXe-EppIOV1-MTTEaiQw33NX4DJlG-Dk/edit
A20420398	https://drive.google.com/uc?id=1Cb-tH82UGhS4uaaHojhgC2BYtUy_O3aH&export=download	https://drive.google.com/file/d/1Cb-tH82UGhS4uaaHojhgC2BYtUy_O3aH/edit
A20420384	https://drive.google.com/uc?id=1z0inWZVaGIAy5GpG_BR1ZwKBiYhtk-7K&export=download	https://drive.google.com/file/d/1z0inWZVaGIAy5GpG_BR1ZwKBiYhtk-7K/edit
A20420388	https://drive.google.com/uc?id=1issE0-RH7-HarEifsx2LWVS0fFLULrEP&export=download	https://drive.google.com/file/d/1issE0-RH7-HarEifsx2LWVS0fFLULrEP/edit
A20420378	https://drive.google.com/uc?id=1DE-70rsxl2R7yLzFLD8lVCr4JNBrU6AL&export=download	https://drive.google.com/file/d/1DE-70rsxl2R7yLzFLD8lVCr4JNBrU6AL/edit
A20420375	https://drive.google.com/uc?id=1l9flza-3Ny55kx7F941gde8RYdQW7GST&export=download	https://drive.google.com/file/d/1l9flza-3Ny55kx7F941gde8RYdQW7GST/edit
A20420374	https://drive.google.com/uc?id=1QWqez8QNfzju8wA_v9cmaiplkK1RnKfJ&export=download	https://drive.google.com/file/d/1QWqez8QNfzju8wA_v9cmaiplkK1RnKfJ/edit
A20420372	https://drive.google.com/uc?id=15WVxWZOTRtsiqfW5rM4GYM9j8ROSJB5S&export=download	https://drive.google.com/file/d/15WVxWZOTRtsiqfW5rM4GYM9j8ROSJB5S/edit
A20420371	https://drive.google.com/uc?id=1yBlXRWjcU8uAi4JZUJSnAq8DwuqhoPqP&export=download	https://drive.google.com/file/d/1yBlXRWjcU8uAi4JZUJSnAq8DwuqhoPqP/edit
A20420361	https://drive.google.com/uc?id=1LOV3Kf9mRubc8iN-6ZWv3_8jQPV4i33S&export=download	https://drive.google.com/file/d/1LOV3Kf9mRubc8iN-6ZWv3_8jQPV4i33S/edit
A20420369	https://drive.google.com/uc?id=18WNkSSRAlG9pp56EfbkyE8a-sCzPLbIb&export=download	https://drive.google.com/file/d/18WNkSSRAlG9pp56EfbkyE8a-sCzPLbIb/edit
A20420360	https://drive.google.com/uc?id=1Kt4JpHX3P1OkeW7lqyFFXYUZvk5bPy0G&export=download	https://drive.google.com/file/d/1Kt4JpHX3P1OkeW7lqyFFXYUZvk5bPy0G/edit
A20420355	https://drive.google.com/uc?id=1WguFELwWDb1oUeWYH7nKjvfcNf31ymez&export=download	https://drive.google.com/file/d/1WguFELwWDb1oUeWYH7nKjvfcNf31ymez/edit
A20420353	https://drive.google.com/uc?id=1kUQXFiJ_M2k4qWwHQtZYSK3y46dsEzXp&export=download	https://drive.google.com/file/d/1kUQXFiJ_M2k4qWwHQtZYSK3y46dsEzXp/edit
A20420349	https://drive.google.com/uc?id=1BwOCMqiaMsmA6M0TojB-pgByELomeZxA&export=download	https://drive.google.com/file/d/1BwOCMqiaMsmA6M0TojB-pgByELomeZxA/edit
A20420348	https://drive.google.com/uc?id=15Pa65MP6HXnBCsoX3WNOI2xXzF8_cBJO&export=download	https://drive.google.com/file/d/15Pa65MP6HXnBCsoX3WNOI2xXzF8_cBJO/edit
A20420343	https://drive.google.com/uc?id=1DQ9TuSK4XUWfveuHDY8QN7XfrA77G9ez&export=download	https://drive.google.com/file/d/1DQ9TuSK4XUWfveuHDY8QN7XfrA77G9ez/edit
A20420340	https://drive.google.com/uc?id=1TfXmOYnHtk70wyVjvTznhEz81LyBG3oe&export=download	https://drive.google.com/file/d/1TfXmOYnHtk70wyVjvTznhEz81LyBG3oe/edit
A20420339	https://drive.google.com/uc?id=14uexex1oqeehPzJmzpIi3BfV2IVvn8Py&export=download	https://drive.google.com/file/d/14uexex1oqeehPzJmzpIi3BfV2IVvn8Py/edit
A20420337	https://drive.google.com/uc?id=1YLJD2zlslx7va2ijUEK2p83D0n3kZjVG&export=download	https://drive.google.com/file/d/1YLJD2zlslx7va2ijUEK2p83D0n3kZjVG/edit
A20420335	https://drive.google.com/uc?id=1rjlBxVEN3n8kCbOuPWAO5HeR7Hh6fpO6&export=download	https://drive.google.com/file/d/1rjlBxVEN3n8kCbOuPWAO5HeR7Hh6fpO6/edit
A20420334	https://drive.google.com/uc?id=1_wv7VIT4EjPlAjZmif20vuY9rItHZfb4&export=download	https://drive.google.com/file/d/1_wv7VIT4EjPlAjZmif20vuY9rItHZfb4/edit
A20420320	https://drive.google.com/uc?id=1ejzgMdKidKxbzVjusFxnb0KHdYnMfFsN&export=download	https://drive.google.com/file/d/1ejzgMdKidKxbzVjusFxnb0KHdYnMfFsN/edit
A20420315	https://drive.google.com/uc?id=1kYnv_cexlFDAQuh4wUyMqUyucRKypk83&export=download	https://drive.google.com/file/d/1kYnv_cexlFDAQuh4wUyMqUyucRKypk83/edit
A20420307	https://drive.google.com/uc?id=1y8wqXeMgJK8WRetyyOn7RXY-jIFGgwLx&export=download	https://drive.google.com/file/d/1y8wqXeMgJK8WRetyyOn7RXY-jIFGgwLx/edit
A20420305	https://drive.google.com/uc?id=1rNfNKQCSt-rQLoqKVGsCpcLgq-lmxO0s&export=download	https://drive.google.com/file/d/1rNfNKQCSt-rQLoqKVGsCpcLgq-lmxO0s/edit
A20420301	https://drive.google.com/uc?id=1WkwoPUh5OXyc74BLBeuT3QtCIesyyUK_&export=download	https://drive.google.com/file/d/1WkwoPUh5OXyc74BLBeuT3QtCIesyyUK_/edit
A20420293	https://drive.google.com/uc?id=1Sxr9JIYRGo3ob0q6Au5eGVDhnn9AIFZA&export=download	https://drive.google.com/file/d/1Sxr9JIYRGo3ob0q6Au5eGVDhnn9AIFZA/edit
A20420285	https://drive.google.com/uc?id=1sla0y_JZRKZ5KW_KpRmkNOzcuq8Q9rGu&export=download	https://drive.google.com/file/d/1sla0y_JZRKZ5KW_KpRmkNOzcuq8Q9rGu/edit
A20420276	https://drive.google.com/uc?id=17RKHjvmN__b4ROFk_UWqSUJaQZ5UjJVH&export=download	https://drive.google.com/file/d/17RKHjvmN__b4ROFk_UWqSUJaQZ5UjJVH/edit
A20420284	https://drive.google.com/uc?id=1U2kx-eoVxdcaPNp8_7VZAAhOdMjGGiiV&export=download	https://drive.google.com/file/d/1U2kx-eoVxdcaPNp8_7VZAAhOdMjGGiiV/edit
A20420274	https://drive.google.com/uc?id=1XidjitFRp2b_mavxlsfjN2HbGDJhUL_j&export=download	https://drive.google.com/file/d/1XidjitFRp2b_mavxlsfjN2HbGDJhUL_j/edit
A20420273	https://drive.google.com/uc?id=1XDB7jrzcSaWFqBM5VWTQKpFM6n6KeXSd&export=download	https://drive.google.com/file/d/1XDB7jrzcSaWFqBM5VWTQKpFM6n6KeXSd/edit
A20420268	https://drive.google.com/uc?id=1kH0-qxf1kcktJJolDMt6eWDqUgVMf296&export=download	https://drive.google.com/file/d/1kH0-qxf1kcktJJolDMt6eWDqUgVMf296/edit
A20420270	https://drive.google.com/uc?id=1OKXV0MON5N2FTirkvG9nljvh6l1JK4uu&export=download	https://drive.google.com/file/d/1OKXV0MON5N2FTirkvG9nljvh6l1JK4uu/edit
A20420267	https://drive.google.com/uc?id=1CtIoW4_LCqQCSA8xXrIQ0Zb-Iljjs0Vq&export=download	https://drive.google.com/file/d/1CtIoW4_LCqQCSA8xXrIQ0Zb-Iljjs0Vq/edit
A20420261	https://drive.google.com/uc?id=12ZEvKQAxqD74RYInVvqu2HXrk7FWnlZQ&export=download	https://drive.google.com/file/d/12ZEvKQAxqD74RYInVvqu2HXrk7FWnlZQ/edit
A20420251 	https://drive.google.com/uc?id=1JKHp7PGYi4y3mXbY7cb4kngjFKW6hMO1&export=download	https://drive.google.com/file/d/1JKHp7PGYi4y3mXbY7cb4kngjFKW6hMO1/edit
A20420254	https://drive.google.com/uc?id=17LlWurNUmcS33SugeXz9_746iRvMSXEX&export=download	https://drive.google.com/file/d/17LlWurNUmcS33SugeXz9_746iRvMSXEX/edit
A20421025	https://drive.google.com/uc?id=1SszbmmiC9n24shvHsus-FYiFXFTeKLeQ&export=download	https://drive.google.com/file/d/1SszbmmiC9n24shvHsus-FYiFXFTeKLeQ/edit
A20420241	https://drive.google.com/uc?id=1NyNEq76o5IFyri-oiUzCyr31hDcRujW3&export=download	https://drive.google.com/file/d/1NyNEq76o5IFyri-oiUzCyr31hDcRujW3/edit
A20420245	https://drive.google.com/uc?id=16TVwA065N-nmJZhpGHudZ0Uc0LYVEWPe&export=download	https://drive.google.com/file/d/16TVwA065N-nmJZhpGHudZ0Uc0LYVEWPe/edit
A20420237	https://drive.google.com/uc?id=1GyEZMBGccf5IrhhrSXVFgRNGwHeCZMib&export=download	https://drive.google.com/file/d/1GyEZMBGccf5IrhhrSXVFgRNGwHeCZMib/edit
A20420232	https://drive.google.com/uc?id=1kgpR19WHTmH9zCybj0b1BwMIA0_GzXHI&export=download	https://drive.google.com/file/d/1kgpR19WHTmH9zCybj0b1BwMIA0_GzXHI/edit
A20420226	https://drive.google.com/uc?id=1P4W4AU2f_b52c-0Ljbj_HezoEIEnq41i&export=download	https://drive.google.com/file/d/1P4W4AU2f_b52c-0Ljbj_HezoEIEnq41i/edit
A20420230	https://drive.google.com/uc?id=1Hn7mHVFlIKKoOZ-tMV4j18h9MsjbXIWo&export=download	https://drive.google.com/file/d/1Hn7mHVFlIKKoOZ-tMV4j18h9MsjbXIWo/edit
A20420218	https://drive.google.com/uc?id=1CmBAHT2GfHPpCHcGputyb6BpVQ_LUTFJ&export=download	https://drive.google.com/file/d/1CmBAHT2GfHPpCHcGputyb6BpVQ_LUTFJ/edit
A20420216	https://drive.google.com/uc?id=12ZCLY0zlnPznE8x8jCy5-Ub6XawZt9lS&export=download	https://drive.google.com/file/d/12ZCLY0zlnPznE8x8jCy5-Ub6XawZt9lS/edit
A20420211	https://drive.google.com/uc?id=1u4RSKrSz341D-fAkQClrBCBQnYXFPs7A&export=download	https://drive.google.com/file/d/1u4RSKrSz341D-fAkQClrBCBQnYXFPs7A/edit
A20420193	https://drive.google.com/uc?id=1v2eEcvaZ-9X3ZhlbWYW7BIS0NUhTXWWD&export=download	https://drive.google.com/file/d/1v2eEcvaZ-9X3ZhlbWYW7BIS0NUhTXWWD/edit
A20420187	https://drive.google.com/uc?id=1K_3I7Vl_3ncRgL3nMdkWEyy_myAg58M6&export=download	https://drive.google.com/file/d/1K_3I7Vl_3ncRgL3nMdkWEyy_myAg58M6/edit
A20420175	https://drive.google.com/uc?id=1CWVkc2YAm9uQRy2wG1OjWjLoWOjfIqTU&export=download	https://drive.google.com/file/d/1CWVkc2YAm9uQRy2wG1OjWjLoWOjfIqTU/edit
A20420168	https://drive.google.com/uc?id=195i9_w6AemZiW58oQjslipRyHUQ4nstg&export=download	https://drive.google.com/file/d/195i9_w6AemZiW58oQjslipRyHUQ4nstg/edit
A20420167	https://drive.google.com/uc?id=1P4hx7jnOjF35FEM5Cn3oTQ9hjg3Nc4LG&export=download	https://drive.google.com/file/d/1P4hx7jnOjF35FEM5Cn3oTQ9hjg3Nc4LG/edit
A20420163	https://drive.google.com/uc?id=1ZpW5aXTeBfbUa_bP-DKF0RWmzwOLpgVn&export=download	https://drive.google.com/file/d/1ZpW5aXTeBfbUa_bP-DKF0RWmzwOLpgVn/edit
A20420158	https://drive.google.com/uc?id=1nQcy4OlSSQkJAWZ_veLOkF6NA2j1VReH&export=download	https://drive.google.com/file/d/1nQcy4OlSSQkJAWZ_veLOkF6NA2j1VReH/edit
A20420126	https://drive.google.com/uc?id=1pFT0j_9oYESDQJ48D5g-vf85e9SNM61i&export=download	https://drive.google.com/file/d/1pFT0j_9oYESDQJ48D5g-vf85e9SNM61i/edit
A20420151	https://drive.google.com/uc?id=171EIYC51CR_mVzzfF8hb-Uvz38nvq3wm&export=download	https://drive.google.com/file/d/171EIYC51CR_mVzzfF8hb-Uvz38nvq3wm/edit
A20420124	https://drive.google.com/uc?id=1WRBDXfvqwRkPgJdNG-4mEbd3rPs_bAfX&export=download	https://drive.google.com/file/d/1WRBDXfvqwRkPgJdNG-4mEbd3rPs_bAfX/edit
A20420105	https://drive.google.com/uc?id=19P_IeWLzpENZZzPtyFj7vTIbImiWktvD&export=download	https://drive.google.com/file/d/19P_IeWLzpENZZzPtyFj7vTIbImiWktvD/edit
A20420123	https://drive.google.com/uc?id=1W9r7lT5ArRVaehwJbxaJn6axvkV4qgkn&export=download	https://drive.google.com/file/d/1W9r7lT5ArRVaehwJbxaJn6axvkV4qgkn/edit
A20420081	https://drive.google.com/uc?id=1f8vPSfHqplMMErzPZe8-GYR52V1wK5-r&export=download	https://drive.google.com/file/d/1f8vPSfHqplMMErzPZe8-GYR52V1wK5-r/edit
A20420075	https://drive.google.com/uc?id=1_QRUPzdbJqYdK3NT-m7GEJjXT6ZRSWFW&export=download	https://drive.google.com/file/d/1_QRUPzdbJqYdK3NT-m7GEJjXT6ZRSWFW/edit
A20420072	https://drive.google.com/uc?id=1e-mZUPrzW-PTW_Rtbvp3-xgs2bGPe0o_&export=download	https://drive.google.com/file/d/1e-mZUPrzW-PTW_Rtbvp3-xgs2bGPe0o_/edit
A20420063	https://drive.google.com/uc?id=155qSnXl5Yq5JY1BkjhZm3j9F1vzqx1u9&export=download	https://drive.google.com/file/d/155qSnXl5Yq5JY1BkjhZm3j9F1vzqx1u9/edit
A20420062	https://drive.google.com/uc?id=1XYYTGz4Mt-xmq_E9bsslClvkjqJ1TY9w&export=download	https://drive.google.com/file/d/1XYYTGz4Mt-xmq_E9bsslClvkjqJ1TY9w/edit
A20420058	https://drive.google.com/uc?id=1fcyfPyZgPiJtcilpek9WgJDgXkAqyUCT&export=download	https://drive.google.com/file/d/1fcyfPyZgPiJtcilpek9WgJDgXkAqyUCT/edit
A20420053	https://drive.google.com/uc?id=1Aq4xwgKzSDZYHE2MRdrB9bDtWq_61eKE&export=download	https://drive.google.com/file/d/1Aq4xwgKzSDZYHE2MRdrB9bDtWq_61eKE/edit
A20420057	https://drive.google.com/uc?id=1wMf0-zXPKIM7vSd78aXWs1CK4HaUzQlq&export=download	https://drive.google.com/file/d/1wMf0-zXPKIM7vSd78aXWs1CK4HaUzQlq/edit
A20420051	https://drive.google.com/uc?id=1Vlc5zMru9PxCrpqDSwqOrNDWT4YkMdJb&export=download	https://drive.google.com/file/d/1Vlc5zMru9PxCrpqDSwqOrNDWT4YkMdJb/edit
A20420050	https://drive.google.com/uc?id=1BSkCA1uQIefd5WwcxqiMQGNiIvIzb--4&export=download	https://drive.google.com/file/d/1BSkCA1uQIefd5WwcxqiMQGNiIvIzb--4/edit
A20420039	https://drive.google.com/uc?id=1dHLCMkd3kKLhC1dMWpC6RT8Ide9uV356&export=download	https://drive.google.com/file/d/1dHLCMkd3kKLhC1dMWpC6RT8Ide9uV356/edit
A20420035	https://drive.google.com/uc?id=1J0RVZ4hSOVZkVq1c9PnBXmjjQwvYZaqo&export=download	https://drive.google.com/file/d/1J0RVZ4hSOVZkVq1c9PnBXmjjQwvYZaqo/edit
B21420461	https://drive.google.com/uc?id=1Ih1l4SbPVs5cm_L98Y6YuuYD0KB7E0dX&export=download	https://drive.google.com/file/d/1Ih1l4SbPVs5cm_L98Y6YuuYD0KB7E0dX/edit
B21420607	https://drive.google.com/uc?id=1FQelr7uElPLemMdActhlv9BIqN4F3W70&export=download	https://drive.google.com/file/d/1FQelr7uElPLemMdActhlv9BIqN4F3W70/edit
A00000016	https://drive.google.com/uc?id=1uvvTq2Ks3TxZ8Wh4SLA4nK-AAe4mjyl2&export=download	https://drive.google.com/file/d/1uvvTq2Ks3TxZ8Wh4SLA4nK-AAe4mjyl2/edit
A00000014	https://drive.google.com/uc?id=1o87YW7lWbXX5WmqGQApXqO4WSsc-87UD&export=download	https://drive.google.com/file/d/1o87YW7lWbXX5WmqGQApXqO4WSsc-87UD/edit
A20420034	https://drive.google.com/uc?id=16G8S3dQLSHwwJaLXmCrRgQz98T3Tlmsp&export=download	https://drive.google.com/file/d/16G8S3dQLSHwwJaLXmCrRgQz98T3Tlmsp/edit
A20420031	https://drive.google.com/uc?id=1W2LD1X_XphlfgTXk92FEwxSK75ly0WKS&export=download	https://drive.google.com/file/d/1W2LD1X_XphlfgTXk92FEwxSK75ly0WKS/edit
A20420026	https://drive.google.com/uc?id=18tnP_I2Lc8s6L3nWhHYLTCTiorwrYEFG&export=download	https://drive.google.com/file/d/18tnP_I2Lc8s6L3nWhHYLTCTiorwrYEFG/edit
A20420025	https://drive.google.com/uc?id=1wH-Ha_4TIGhjzUwlMG_1JxDnqJFE6cFP&export=download	https://drive.google.com/file/d/1wH-Ha_4TIGhjzUwlMG_1JxDnqJFE6cFP/edit
A20420019	https://drive.google.com/uc?id=1xlsoqc8PqA3Yfk8ZAHR3C5Aw7WHCPVsf&export=download	https://drive.google.com/file/d/1xlsoqc8PqA3Yfk8ZAHR3C5Aw7WHCPVsf/edit
A20420006	https://drive.google.com/uc?id=1dUryaDj4M8eNhA7KQklCw5CA_b6R0WLg&export=download	https://drive.google.com/file/d/1dUryaDj4M8eNhA7KQklCw5CA_b6R0WLg/edit
A20420005	https://drive.google.com/uc?id=1lIjBSMJh_vKvU8TFyuYhKEn84JYt6bh1&export=download	https://drive.google.com/file/d/1lIjBSMJh_vKvU8TFyuYhKEn84JYt6bh1/edit
A20420004	https://drive.google.com/uc?id=1312L8ruEzxQv9F-aiw6qvbSX6eszyEuC&export=download	https://drive.google.com/file/d/1312L8ruEzxQv9F-aiw6qvbSX6eszyEuC/edit
A20420001	https://drive.google.com/uc?id=1UwR_SJ5rJUaVhpBzDXvHVA2EJRwlMuBn&export=download	https://drive.google.com/file/d/1UwR_SJ5rJUaVhpBzDXvHVA2EJRwlMuBn/edit
A20400358	https://drive.google.com/uc?id=1CE4QLf5rrzI1wj74nPAP7bpJ2AmoLXhx&export=download	https://drive.google.com/file/d/1CE4QLf5rrzI1wj74nPAP7bpJ2AmoLXhx/edit
A20112233	https://drive.google.com/uc?id=1JEHh8ZTuWHsvxej70Gb8gx9nM9Sj0vfk&export=download	https://drive.google.com/file/d/1JEHh8ZTuWHsvxej70Gb8gx9nM9Sj0vfk/edit
A00000011	https://drive.google.com/uc?id=1_JH7VYYrCDEOW0e6CGqTMuY5kWeGbDW1&export=download	https://drive.google.com/file/d/1_JH7VYYrCDEOW0e6CGqTMuY5kWeGbDW1/edit
A00000010	https://drive.google.com/uc?id=1-o1hqbnfb7Fb7endRBjjexPEjUV4vRbL&export=download	https://drive.google.com/file/d/1-o1hqbnfb7Fb7endRBjjexPEjUV4vRbL/edit
A00000009	https://drive.google.com/uc?id=14obN3iNEg3GTtHYFSVCOUz3NDLh19t3j&export=download	https://drive.google.com/file/d/14obN3iNEg3GTtHYFSVCOUz3NDLh19t3j/edit
A00000007	https://drive.google.com/uc?id=1hCXGWWplX6YTHQ7g34gi-_IkjmUNmvO4&export=download	https://drive.google.com/file/d/1hCXGWWplX6YTHQ7g34gi-_IkjmUNmvO4/edit
A00000008	https://drive.google.com/uc?id=15NjHLZHZxj8yZFW2ug2ymyejM6hUdL-s&export=download	https://drive.google.com/file/d/15NjHLZHZxj8yZFW2ug2ymyejM6hUdL-s/edit
A00000005	https://drive.google.com/uc?id=1JHqA-cEXz8aBhu8wNQ8FCbbsfQsQLY9d&export=download	https://drive.google.com/file/d/1JHqA-cEXz8aBhu8wNQ8FCbbsfQsQLY9d/edit
A00000004	https://drive.google.com/uc?id=1FZ-mjfffNA_-O4BbxhCUvYGdZBvEfzcJ&export=download	https://drive.google.com/file/d/1FZ-mjfffNA_-O4BbxhCUvYGdZBvEfzcJ/edit
A00000002	https://drive.google.com/uc?id=1kiMHQD1zbGtD7F-LGTe3iJffHLDyXduX&export=download	https://drive.google.com/file/d/1kiMHQD1zbGtD7F-LGTe3iJffHLDyXduX/edit
A00000003	https://drive.google.com/uc?id=1W8C8Zb7yIetIJewUGjwCYsxQTVZpQn86&export=download	https://drive.google.com/file/d/1W8C8Zb7yIetIJewUGjwCYsxQTVZpQn86/edit
A00000001	https://drive.google.com/uc?id=1s8BHnvZ0N2ZZPZJYKYw-zsTnCnV-OPJ-&export=download	https://drive.google.com/file/d/1s8BHnvZ0N2ZZPZJYKYw-zsTnCnV-OPJ-/edit